Województwo,Nazwa Firmy,Adres,Telefon,E-mail
Dolnośląskie,ABART SP. Z O.O.,ul. Krzemieniecka 5, Wrocław,71 3423252,bok@abart.com.pl
Kujawsko-Pomorskie,INSTAL-GAZ ZBIGNIEW WIATROWSKI,ul. Glinki 149, Bydgoszcz,52 3611754,poczta@instalgaz.bydgoszcz.pl
Lubelskie,SOLAR-CAR DZIUBA MIECZYSŁAW,ul. Berberysowa 8, Lublin,601 238 055,info@solar-car.pl
Mazowieckie,ENERGY GAZ POLSKA,ul. Ostrobramska 38A, Warszawa,22 8100090,egp@egp.pl
Małopolskie,CZAKRAM SP. Z O.O.,ul. Dojazd 1, Tarnów,14 6460090,bok@czakram.pl
Pomorskie,AUTO-ATUT SP.C.,ul. Gołębia 1, Gdynia,58 6685777,whorlowski@wp.pl
Śląskie,CZAKRAM SP. Z O.O.,ul. Rzemieślnicza 18, Mysłowice,32 2221587,smyslowice@czakram.pl
Wielkopolskie,PHU RODAN ROMUALD STYCHAŃSKI,ul. Tymienieckiego 65, Poznań,606 403 875,biuro@auto-gaz.net.pl
Zachodniopomorskie,AUTO NAPRAWA JAROSŁAW GIZIŃSKI,ul. Połczyńska 73, Koszalin,94 3425950,auto-gaz@info.netius.pl
